---------------------------------------------------------

DROP TABLE IF EXISTS `authors`;

CREATE TABLE `authors` (
  `author_id` int(11) unsigned NOT NULL AUTO_INCREMENT,
  `authorFirst` varchar(20) NOT NULL DEFAULT '',
  `authorLast` varchar(20) NOT NULL DEFAULT '',
  PRIMARY KEY (`author_id`)
) ENGINE=InnoDB DEFAULT CHARSET=latin1;

INSERT INTO `authors` (`author_id`, `authorFirst`, `authorLast`)
VALUES
	(1,'Stieg','Larsson'),
	(2,'Lane','Moore'),
	(3,'Rich','Cohen'),
	(4,'Heather','Havrilesky'),
	(5,'James','Comey'),
	(6,'Christopher','Buckley'),
	(7,'George','Vecsey'),
	(8,'David','Michaels'),
	(9,'Seymour M.','Hersh'),
	(10,'Barbara Brown','Taylor'),
	(11,'Michael','Connelly'),
	(12,'Kevin','Hearne'),
	(13,'James S.A.','Corey'),
	(14,'Lawrence','O\'Donnell'),
	(15,'Melanie','Raabe'),
	(16,'Rebecca','Kauffman'),
	(17,'Brad','Meltzer'),
	(18,'David','McCullough'),
	(19,'Cory','McCartney'),
	(20,'Scott','Simon'),
	(21,'Brandon','Sanderson'),
	(22,'Matthew J.','Sullivan'),
	(23,'John Jackson','Miller'),
	(24,'Tom','Brokaw'),
	(25,'Kurt','Andersen'),
	(26,'Brendan','Mathews'),
	(27,'Louie','Giglio'),
	(28,'John','Green'),
	(29,'Bob','Berman'),
	(30,'Angela','Duckworth'),
	(31,'Bill','Carter'),
	(32,'John','McPhee'),
	(33,'Dan','Lyons'),
	(34,'Dean Wesley','Smith'),
	(35,'Michael','Dirda'),
	(36,'Neal','Stephenson'),
	(37,'Andy','Mangels'),
	(38,'R.L.','King'),
	(39,'S.D.','Perry'),
	(40,'Malcolm','Gladwell'),
	(41,'Ben','Mezrich'),
	(42,'Jim','Butcher'),
	(43,'Meg','Howrey'),
	(44,'Michael','Hastings'),
	(45,'Erin','Morgenstern'),
	(46,'Jennifer','Romolini'),
	(47,'Jeffrey','Kluger'),
	(48,'Tom','Verducci'),
	(49,'John','Grisham'),
	(50,'Charlie','Lovett'),
	(51,'Martin','Seay'),
	(52,'Catie','Disabato'),
	(53,'Mary','Norris'),
	(54,'Garth Risk','Hallberg'),
	(55,'Henri J.M.','Nouwen'),
	(56,'David Foster','Wallace'),
	(57,'John','Scalzi'),
	(58,'Erwin Raphael','McManus'),
	(59,'Aziz','Ansari'),
	(60,'George F.','Will'),
	(61,'Mitch','Albom'),
	(62,'Rick','Riordan'),
	(63,'David','Talbot'),
	(64,'Kevin M.','Kruse'),
	(65,'John','Sexton'),
	(66,'Peter','Heller'),
	(67,'Jane','Mayer'),
	(68,'Jules','Witcover'),
	(69,'E.J. Dionne','Jr.'),
	(70,'Daniel','O\'Malley'),
	(71,'Christophe','Galfard'),
	(72,'Mike','Lofgren'),
	(73,'Cass R.','Sunstein'),
	(74,'Rob','Bell'),
	(75,'Paul','Angone'),
	(76,'John','Sandford'),
	(77,'Madeleine','L\'Engle'),
	(78,'Matt','Appling'),
	(79,'C.S.','Lewis'),
	(80,'Jeanette','Winterson'),
	(81,'Roy Peter','Clark'),
	(82,'David','Greenberg'),
	(83,'Anthony','Marra'),
	(84,'Susan','Cain'),
	(85,'Susan Wise','Bauer'),
	(86,'Marilynne','Robinson'),
	(87,'Barton','Swaim'),
	(88,'Matt','Kaplan'),
	(89,'Stephen','King'),
	(90,'Anthony','Doerr'),
	(91,'Jamie','Holmes'),
	(92,'Elizabeth','Gilbert'),
	(93,'David','Lagercrantz'),
	(94,'Ken','Wytsma'),
	(95,'Neil','Gaiman'),
	(96,'A.W.','Tozer'),
	(97,'Kate Andersen','Brower'),
	(98,'Robert','Lehrman'),
	(99,'N.D.','Wilson'),
	(100,'Shauna','Niequist'),
	(101,'Allison','Vesterfelt'),
	(102,'Andy','Crouch'),
	(103,'Jamie','Tworkowski'),
	(104,'Andy','Weir'),
	(105,'Amy','Kittelstrom'),
	(106,'Michael K.','Bohn'),
	(107,'G.K.','Chesterton'),
	(108,'Meg','Wolitzer'),
	(109,'Meg','Jay'),
	(110,'Ernest','Cline'),
	(111,'Lev','Grossman'),
	(112,'Donald','Miller'),
	(113,'Marina','Keegan'),
	(114,'Timothy D.','Willard'),
	(115,'Erik','Larson'),
	(116,'David','Mitchell'),
	(117,'Emily St. John','Mandel'),
	(118,'Dan','Brown'),
	(119,'Ben','Aaronovitch'),
	(120,'George','Packer'),
	(121,'J.J.','Abrams'),
	(122,'Douglas C.','Mann'),
	(123,'Brené','Brown'),
	(124,'Chad','Harbach'),
	(125,'Bill','Wasik'),
	(126,'Hubert L.','Dreyfus'),
	(127,'Astra','Taylor'),
	(128,'Mark','Miodownik'),
	(129,'Norman','Lear'),
	(130,'Shaun','Usher'),
	(131,'Donna','Tartt'),
	(132,'Francis','Spufford'),
	(133,'Max','Barry'),
	(134,'Sarah','Lewis'),
	(135,'Alena','Graedon'),
	(136,'Alain de','Botton'),
	(137,'Biz','Stone'),
	(138,'J.K.','Rowling'),
	(139,'Claire','North'),
	(140,'Steven','Furtick'),
	(141,'Frederick','Buechner'),
	(142,'Flannery','O\'Connor'),
	(143,'Nick','Hornby'),
	(144,'Pete','Hamill'),
	(145,'Eric','Schlosser'),
	(146,'Ian Morgan','Cron'),
	(147,'Lois','Lowry'),
	(148,'Evelyn','Waugh'),
	(149,'Tim','Tharp'),
	(150,'Gavin','Extence'),
	(151,'Jon','Meacham'),
	(152,'Josh James','Riebock'),
	(153,'Jocelyn K.','Glei'),
	(154,'Susan','Nussbaum'),
	(155,'Sean','Gladding'),
	(156,'Elizabeth','Goudge'),
	(157,'Jarrid','Wilson'),
	(158,'Stephen','Mansfield'),
	(159,'Sheila','Heti'),
	(160,'J.R.R.','Tolkien'),
	(161,'Stephan','Talty'),
	(162,'Joseph','Campbell'),
	(163,'Michael','Snyder'),
	(164,'Seth','Barnes'),
	(165,'Milan','Kundera'),
	(166,'Austin','Kleon'),
	(167,'Dan','Miller'),
	(168,'Kyle','Idleman'),
	(169,'Greg','Rucka'),
	(170,'John','Eldredge'),
	(171,'Lisa','Cron'),
	(172,'Madeline','Miller'),
	(173,'Jonathan','Gottschall'),
	(174,'Sherry','Turkle'),
	(175,'Daniel H.','Pink'),
	(176,'Daniel','Kahneman'),
	(177,'Bob','Goff'),
	(178,'Ernest','Hemingway'),
	(179,'Tom','Clancy'),
	(180,'Christopher','Vogler'),
	(181,'Steve','Hamilton'),
	(182,'Anne','Lamott'),
	(183,'Dorothy L.','Sayers'),
	(184,'Jon','Winokur'),
	(185,'Matt','Chandler'),
	(186,'Douglas C.','Waller'),
	(187,'Ken','Robinson'),
	(188,'Jonathan','Haidt'),
	(189,'Doug','Fields'),
	(190,'Laurie Halse','Anderson'),
	(191,'John','Truby'),
	(192,'David','Kinnaman'),
	(193,'Kevin','Roose'),
	(194,'Danny','Wallace'),
	(195,'Paulo','Coelho'),
	(196,'Phil','Cooke'),
	(197,'Shane','Hipps'),
	(198,'Gabe','Lyons'),
	(199,'Ravi','Zacharias'),
	(200,'Andy','Stanley'),
	(201,'Walker','Percy'),
	(202,'Joel Ben','Izzy'),
	(203,'Suzanne','Collins'),
	(204,'F. Scott','Fitzgerald'),
	(205,'Brett','McCracken'),
	(206,'Steven','Pressfield'),
	(207,'Glen Scott','Allen'),
	(208,'Graham','Moore'),
	(209,'Ned','Vizzini'),
	(210,'Henry David','Thoreau'),
	(211,'Jack','Kerouac'),
	(212,'Eric Van','Lustbader'),
	(213,'Robert','Ludlum'),
	(214,'David','Grann'),
	(215,'Heather','Hendershot'),
	(216,'Frank E.','Peretti'),
	(217,'Ted','Dekker'),
	(218,'Raymond','Khoury'),
	(219,'Olen','Steinhauer'),
	(220,'Noah','Boyd'),
	(221,'Brennan','Manning'),
	(222,'Tom Rob','Smith'),
	(223,'James R.','Benn'),
	(224,'Chris','Kuzneski'),
	(225,'Bradley G.','Green'),
	(226,'Francis A.','Schaeffer'),
	(227,'Dick','Staub'),
	(228,'James Andrew','Miller'),
	(229,'Kevin D.','Mitnick'),
	(230,'Mark','Twain'),
	(231,'J.D.','Salinger'),
	(232,'Doris Kearns','Goodwin'),
	(233,'Francis','Chan'),
	(234,'Timothy J.','Keller'),
	(235,'Brad','Thor'),
	(236,'Walter','Cronkite'),
	(237,'David','Platt'),
	(238,'Ray','Bradbury'),
	(239,'Jason','Boyett'),
	(240,'Gary','Younge'),
	(241,'Craig','Groeschel'),
	(242,'Vince','Flynn'),
	(243,'Harper','Lee'),
	(244,'Richard','Kluger'),
	(245,'Terry','Brooks'),
	(246,'',''),
	(247,'George ','Martin'),
	(248,'Michael','Hadley'),
	(249,'Yelena','G');


DROP TABLE IF EXISTS `books`;

CREATE TABLE `books` (
  `book_id` int(11) unsigned NOT NULL AUTO_INCREMENT,
  `isbn` int(20) NOT NULL,
  `title` varchar(100) NOT NULL DEFAULT '',
  `author` int(11) unsigned NOT NULL,
  PRIMARY KEY (`book_id`),
  KEY `author` (`author`),
  CONSTRAINT `books_ibfk_1` FOREIGN KEY (`author`) REFERENCES `authors` (`author_id`)
) ENGINE=InnoDB DEFAULT CHARSET=latin1;

INSERT INTO `books` (`book_id`, `isbn`, `title`, `author`)
VALUES
	(1,439785960,'Harry Potter and the Half-Blood Prince (Harry Potter, #6)',138),
	(2,439358078,'Harry Potter and the Order of the Phoenix (Harry Potter, #5)',138),
	(3,439554934,'Harry Potter and the Sorcerer\'s Stone (Harry Potter, #1)',138),
	(5,43965548,'Harry Potter and the Prisoner of Azkaban (Harry Potter, #3)',138),
	(6,439139600,'Harry Potter and the Goblet of Fire (Harry Potter, #4)',138),
	(34,618346252,'The Fellowship of the Ring (The Lord of the Rings, #1)',160),
	(865,61122416,'The Alchemist',195),
	(960,1416524797,'Angels & Demons',118),
	(968,307277674,'The Da Vinci Code (Robert Langdon, #2)',118),
	(1067,743226720,'1776',18),
	(1319,446691437,'The War of Art: Break Through the Blocks & Win Your Inner Creative Battles',206),
	(1846,785268839,'Wild at Heart: Discovering the Secret of a Man\'s Soul',170),
	(2142,849945119,'Blink',40),
	(2199,743270754,'Team of Rivals: The Political Genius of Abraham Lincoln',232),
	(2612,316346624,'The Tipping Point: How Little Things Can Make a Big Difference',40),
	(2657,0,'To Kill a Mockingbird',243),
	(2819,62545035,'A Circle of Quiet (Crosswicks Journals #1)',77),
	(3636,385732554,'The Giver',147),
	(3876,0,'The Sun Also Rises',178),
	(4407,747263744,'American Gods (American Gods, #1)',95),
	(4671,0,'The Great Gatsby',204),
	(5107,316769177,'The Catcher in the Rye',231),
	(5720,425170349,'Rainbow Six (Jack Ryan Universe, #10)',179),
	(5907,618260307,'The Hobbit or There and Back Again',160),
	(6151,824519868,'Life of the Beloved: Spiritual Living in a Secular World',55),
	(6748,316925284,'A Supposedly Fun Thing I\'ll Never Do Again:  Essays and Arguments',56),
	(6759,316921173,'Infinite Jest',56),
	(7214,785263705,'Blue Like Jazz: Nonreligious Thoughts on Christian Spirituality',112),
	(7227,60754737,'Spiritual Direction: Wisdom for the Long Walk of Faith',55),
	(7869,752864327,'The Bourne Identity (Jason Bourne, #1)',213),
	(10569,743455967,'On Writing: A Memoir of the Craft',89),
	(10739,375701966,'The Moviegoer',201),
	(11127,66238501,'The Chronicles of Narnia (Chronicles of Narnia, #1-7)',79),
	(11149,60652896,'The Screwtape Letters',79),
	(11573,451155750,'The Dead Zone',89),
	(12543,385480016,'Bird by Bird: Some Instructions on Writing and Life',182),
	(15769,752863886,'The Bourne Supremacy (Jason Bourne, #2)',213),
	(15881,439064864,'Harry Potter and the Chamber of Secrets (Harry Potter, #2)',138),
	(16225,785206779,'The Way of the Wild Heart: A Map for the Masculine Journey',170),
	(16902,691096120,'Walden',210),
	(17267,6280560,'The Great Divorce',79),
	(17683,45146091,'Dead Beat (The Dresden Files, #7)',42),
	(18131,440498058,'A Wrinkle in Time (Time Quintet, #1)',77),
	(19668,425143325,'Without Remorse (Jack Ryan Universe, #1)',179),
	(19674,141004924,'The Teeth of the Tiger (Jack Ryan Universe, #12)',179),
	(19691,425172902,'The Hunt for Red October (Jack Ryan Universe, #4)',179),
	(21422,1589268253,'Obsessed',217),
	(25350,7157150,'Out of the Silent Planet (The Space Trilogy, #1)',79),
	(26435,6280935,'The Problem of Pain',79),
	(28186,786856866,'The Sea of Monsters (Percy Jackson and the Olympians, #2)',62),
	(28187,786838655,'The Lightning Thief (Percy Jackson and the Olympians, #1)',62),
	(28637,60093749,'The Art of the Novel',165),
	(29597,785209824,'Through Painted Deserts: Light, God, and Beauty on the Open Road',112),
	(32508,446612731,'The Black Echo (Harry Bosch, #1; Harry Bosch Universe, #1)',11),
	(32682,425134350,'Patriot Games (Jack Ryan, #1; Jack Ryan Universe, #2)',179),
	(33333,785263713,'Searching for God Knows What',112),
	(40102,316010669,'Blink: The Power of Thinking Without Thinking',40),
	(44360,310263468,'Sex God: Exploring the Endless Connections Between Sexuality and Spirituality',74),
	(44363,310273080,'Velvet Elvis: Repainting the Christian Faith',74),
	(46438,451219953,'The Last Templar (Templar, #1)',218),
	(47212,451457811,'Storm Front (The Dresden Files, #1)',42),
	(49750,525476881,'An Abundance of Katherines',28),
	(59956,1576837319,'To Own a Dragon: Reflections on Growing Up Without a Father',112),
	(60997,812976665,'American Gospel: God, the Founding Fathers, and the Making of a Nation',151),
	(65605,60764902,'The Magician\'s Nephew (Chronicles of Narnia, #6)',79),
	(65641,0,'The Silver Chair (Chronicles of Narnia, #4)',79),
	(65684,1595541217,'Monster',217),
	(68428,76531178,'The Final Empire (Mistborn, #1)',21),
	(70087,446580376,'The Bourne Betrayal (Jason Bourne, #5)',213),
	(70401,140042598,'On the Road',211),
	(76808,60611561,'Telling the Truth: The Gospel as Tragedy, Comedy, and Fairy Tale',141),
	(80112,1581345364,'How Should We Then Live?: The Rise and Decline of Western Thought and Culture',226),
	(84119,439861365,'The Horse and His Boy (Chronicles of Narnia, #5)',79),
	(84369,7202326,'The Last Battle (Chronicles of Narnia, #7)',79),
	(87665,160096527,'Orthodoxy',107),
	(87804,1416918345,'Yes Man',194),
	(91474,451461037,'Proven Guilty (The Dresden Files, #8)',42),
	(91475,451461401,'White Night (The Dresden Files, #9)',42),
	(91476,451458443,'Grave Peril (The Dresden Files, #3)',42),
	(91477,451458125,'Fool Moon (The Dresden Files, #2)',42),
	(91478,451458923,'Summer Knight (The Dresden Files, #4)',42),
	(91479,451459407,'Death Masks (The Dresden Files, #5)',42),
	(99315,1594481717,'A Whole New Mind: Why Right-brainers Will Rule the Future',175),
	(99383,451459873,'Blood Rites (The Dresden Files, #6)',42),
	(99561,142402516,'Looking for Alaska',28),
	(100915,60764899,'The Lion, the Witch and the Wardrobe (Chronicles of Narnia, #2)',79),
	(103761,553296345,'Zen in the Art of Writing',238),
	(110492,814736521,'Nickelodeon Nation: The History, Politics, and Economics of America\'s Only TV Channel for Kids',215),
	(121749,720230,'Prince Caspian (Chronicles of Narnia, #2)',79),
	(123543,312999526,'The Bourne Legacy (Jason Bourne, #4)',213),
	(125956,1595540210,'Black: The Birth of Evil (The Circle, #1)',217),
	(125959,1595540067,'Saint (Paradise, #2)',217),
	(125960,1595542302,'Showdown (Paradise, #1)',217),
	(126082,785265317,'Epic: The Story God Is Telling and the Role That Is Yours to Play',170),
	(134933,1565125126,'The Beggar King and the Secret of Happiness',202),
	(136251,545010225,'Harry Potter and the Deathly Hallows (Harry Potter, #7)',138),
	(140225,6112527,'The Voyage of the Dawn Treader (Chronicles of Narnia, #3)',79),
	(148465,316735698,'Forever',144),
	(164372,679763414,'Advice to Writers: A Compendium of Quotes, Anecdotes, and Writerly Wisdom from a Dazzling Array of L',184),
	(173526,1576737160,'The Ragamuffin Gospel: Good News for the Bedraggled, Beat-Up, and Burnt Out',221),
	(174760,156329301,'The Four Loves',79),
	(184419,375757910,'The Man Who Was Thursday: A Nightmare',107),
	(205621,848826256,'Pilgrim\'s Inn (Eliots of Damerosehay, #2)',156),
	(210929,60663308,'The Way of the Heart: The Spirituality of the Desert Fathers and Mothers',170),
	(216883,671774719,'Cloak (Star Trek: Section 31, #1)',39),
	(216884,671774786,'Shadow (Star Trek Voyager: Section 31, #4)',34),
	(216885,671774778,'Rogue (Star Trek: Section 31, #2)',37),
	(247509,385473079,'The Return of the Prodigal Son: A Story of Homecoming',55),
	(248704,78685197,'It\'s Kind of a Funny Story',209),
	(257707,157673787,'Visioneering: God\'s Blueprint for Developing and Maintaining Personal Vision',200),
	(259028,375725601,'The Devil in the White City: Murder, Magic, and Madness at the Fair That Changed America',115),
	(284996,374515360,'The Complete Stories',142),
	(285092,1573225517,'High Fidelity',143),
	(439288,14131088,'Speak',190),
	(456028,1595540342,'Red: The Heroic Rescue (The Circle, #2)',217),
	(531210,374512973,'Oranges',32),
	(561456,141382899,'The Titan\'s Curse (Percy Jackson and the Olympians, #3)',62),
	(564548,375507426,'Party of the People: A History of the Democrats',68),
	(578517,76790592,'Tuesdays with Morrie: An Old Man, a Young Man, and Life\'s Greatest Lesson',61),
	(583699,849945127,'Three',217),
	(641919,1595543430,'Skin ',217),
	(763626,553287737,'The Bourne Ultimatum (Jason Bourne, #3)',213),
	(782050,60670770,'The Mind of the Maker',183),
	(814983,310273609,'Cold Tangerines: Celebrating the Extraordinary Nature of Everyday Life',100),
	(927979,451461894,'Small Favor (The Dresden Files, #10)',42),
	(1039348,394578791,'A Reporter\'s Life',236),
	(1169163,310269520,'The Grand Weaver: How God Shapes Us Through the Events of Our Lives',199),
	(1289866,78521223,'The Slumber of Christianity: Awakening a Passion for Heaven on Earth',217),
	(1858013,525950494,'The Reason for God: Belief in an Age of Skepticism',234),
	(1999475,785213066,'A Million Miles in a Thousand Years: What I Learned While Editing My Life',112),
	(2038352,1569474761,'Billy Boyle: A World War II Mystery (Billy Boyle World War II, #1)',223),
	(2120932,1423101464,'The Battle of the Labyrinth (Percy Jackson and the Olympians, #4)',62),
	(2336803,141654383,'The Last Patriot (Scot Harvath, #7)',235),
	(2429135,307269752,'The Girl with the Dragon Tattoo',1),
	(2590991,446539864,'The Bourne Sanction (Jason Bourne, #6)',213),
	(2617434,1577315936,'The Hero with a Thousand Faces',162),
	(2649825,158926603,'White: The Great Pursuit (The Circle, #3)',217),
	(2767052,439023483,'The Hunger Games (The Hunger Games, #1)',203),
	(2914097,525478183,'Paper Towns',28),
	(2940276,0,'Jesus Wants to Save Christians: A Manifesto for the Church in Exile',74),
	(3213286,142412147,'Let It Snow: Three Holiday Romances',28),
	(3475161,451462564,'Turn Coat (The Dresden Files, #11)',42),
	(4502507,739380338,'The Last Olympian (Percy Jackson and the Olympians, #5)',62),
	(5060378,307269981,'The Girl Who Played with Fire (Millennium, #2)',1),
	(5279786,1602852065,'Adam',217),
	(5327061,446539821,'The Bourne Deception (Jason Bourne, #7)',213),
	(5986375,316068225,'This Is Water: Some Thoughts, Delivered on a Significant Occasion, about Living a Compassionate Life',56),
	(6585201,45146317,'Changes (The Dresden Files, #12)',42),
	(6892870,30726999,'The Girl Who Kicked the Hornet\'s Nest (Millennium, #3)',1),
	(6933791,1595545786,'Sinner (Paradise, #3)',217),
	(7779059,45146365,'Side Jobs: Stories from the Dresden Files (The Dresden Files, #12.5)',42),
	(7997069,399157239,'Dead or Alive (Jack Ryan Universe, #13)',179),
	(8058301,45146379,'Ghost Story (The Dresden Files,  #13)',42),
	(8176885,0,'The Hero of Ages (Mistborn, #3)',21),
	(8855321,1841499889,'Leviathan Wakes (The Expanse, #1)',13),
	(8887107,0,'The Well of Ascension (Mistborn, #2)',21),
	(11783190,0,'The Alloy of Law (Mistborn, #4)',21),
	(12216302,451464400,'Cold Days (The Dresden Files, #14)',42),
	(12591698,1841499900,'Caliban\'s War (The Expanse, #2)',13),
	(12687461,39915731,'Locked On (Jack Ryan Universe, #14)',179),
	(13356707,547928203,'The Two Towers (The Lord of the Rings, #2)',160),
	(16131032,316129070,'Abaddon\'s Gate (The Expanse, #3)',13),
	(18656030,31621762,'Cibola Burn (The Expanse, #4)',13),
	(18739426,0,'The Bands of Mourning (Mistborn, #6)',21),
	(19486421,451464397,'Skin Game (The Dresden Files, #15)',42),
	(22886612,0,'Nemesis Games (The Expanse, #5)',13),
	(24357485,0,'Shadows of Self (Mistborn, #5)',21),
	(25074850,385354282,'The Girl in the Spider\'s Web (Millennium, #4)',115),
	(28053798,0,'Babylon\'s Ashes (Expanse, #6)',13),
	(34600958,0,'Persepolis Rising (The Expanse, #7)',13),
	(34600959,978,'The Paper',244),
	(34600960,0,'The Sword of Shannara',245),
	(34600961,0,'Harry Potter',246),
	(34600962,0,'A Song of Ice and Fire',247);

DROP TABLE IF EXISTS `status`;

CREATE TABLE `status` (
  `stat_id` int(11) unsigned NOT NULL AUTO_INCREMENT,
  `user_id` int(11) unsigned NOT NULL,
  `book_id` int(11) unsigned NOT NULL,
  `stat` int(1) NOT NULL,
  `dateAdded` date DEFAULT NULL,
  `dateFinished` date DEFAULT NULL,
  PRIMARY KEY (`stat_id`),
  KEY `book_id` (`book_id`),
  KEY `user_id` (`user_id`),
  CONSTRAINT `status_ibfk_1` FOREIGN KEY (`book_id`) REFERENCES `books` (`book_id`),
  CONSTRAINT `status_ibfk_2` FOREIGN KEY (`user_id`) REFERENCES `users` (`id`)
) ENGINE=InnoDB DEFAULT CHARSET=latin1;


INSERT INTO `status` (`stat_id`, `user_id`, `book_id`, `stat`, `dateAdded`, `dateFinished`)
VALUES
	(85,11,1,1,'2018-01-01',NULL),
	(93,21,1,1,'2018-01-01','2019-04-24'),
	(94,21,2,1,'2018-01-01','2019-04-22'),
	(95,21,3,1,'2018-01-01','2019-04-25'),
	(96,21,5,1,'2018-01-01',NULL),
	(97,21,6,1,'2018-01-01','2019-04-30'),
	(98,21,34,3,'2018-01-01',NULL),
	(99,21,865,1,'2018-01-01',NULL),
	(100,21,960,1,'2018-01-01','2019-05-01'),
	(101,21,968,3,'2018-01-01',NULL),
	(102,21,1067,1,'2018-01-01',NULL),
	(103,21,1319,2,'2018-01-01',NULL),
	(104,21,1846,3,'2018-01-01',NULL),
	(270,18,7214,1,'2019-05-01',NULL),
	(271,18,29597,2,'2019-05-01',NULL),
	(272,18,33333,3,'2019-05-01',NULL),
	(275,18,1,3,'2019-05-01',NULL),
	(276,18,2,2,'2019-05-01',NULL),
	(277,18,3,1,'2019-05-01',NULL),
	(278,18,5,1,'2019-05-01',NULL),
	(279,18,6,1,'2019-05-01',NULL),
	(280,18,15881,1,'2019-05-01',NULL),
	(283,18,5907,3,'2019-05-01',NULL),
	(284,18,34,2,'2019-05-01',NULL),
	(285,18,13356707,3,'2019-05-01',NULL);

DROP TABLE IF EXISTS `users`;

CREATE TABLE `users` (
  `id` int(11) unsigned NOT NULL AUTO_INCREMENT,
  `firstName` varchar(20) NOT NULL,
  `lastName` varchar(20) NOT NULL,
  `username` varchar(20) NOT NULL DEFAULT '',
  `password` varchar(255) NOT NULL DEFAULT '',
  `email` varchar(30) NOT NULL DEFAULT '',
  `date_created` datetime NOT NULL DEFAULT CURRENT_TIMESTAMP,
  `type` tinyint(1) NOT NULL DEFAULT '1',
  PRIMARY KEY (`id`)
) ENGINE=InnoDB DEFAULT CHARSET=latin1;


INSERT INTO `users` (`id`, `firstName`, `lastName`, `username`, `password`, `email`, `date_created`, `type`)
VALUES
	(11,'Michael','Hadley','mchadley','$2y$10$4/4cNf3FOzhOjYty/K8/HOb81ouTpT2D8tuCfYPY1SYy9vnrLseWe','michael.c.hadley@gmail.com','2019-03-26 11:16:39',0),
	(12,'Nick','Simpson','Nickadeemus','$2y$10$sZwAv0lxXPDQD/5ix9c1Z./qMm3M8HX08N4Sschcfl.QPLv0YbNUm','jamesnsimpson@students.abtech.','2019-04-04 10:16:38',1),
	(13,'Ken','Stanley','ken','$2y$10$DXER2ThcuLsmSXMMkcZD0uSW/MRKaUUPUk/Ok4NefJ.S.5EkY5I3W','kennethlstanley@students.abtec','2019-04-04 10:17:38',1),
	(14,'Jamie','Cecil','revjpc','$2y$10$1vkhwCuvjbd1qavFjggCt.z70Lktve19KmMzMwp/GSlHPNG1pX3LS','jamie@revjpc.com','2019-04-04 17:45:57',1),
	(15,'Yelena','G','YelenaG','$2y$10$d.aR2ICEBmO2mIDLCsU9NuBJv7F9dOf9SsY.1IZ9P.vf9gt7x.nR2','yelenagor18@gmail.com','2019-04-05 12:56:07',1),
	(16,'user','u','user','$2y$10$6D.svN25PS75eN1VaEv1w.rX1rYbGwIL7cYH0ZSjj4OhnOZ8z7InO','user@example.com','2019-04-05 13:11:00',1),
	(17,'hey','hey','hey','$2y$10$Se/5rWLu8wgAoLB5zq0jtO/vtqCFnYEj4qJMLNt3tNZFAFQUTC.We','u@hi.com','2019-04-05 13:20:24',1),
	(18,'Michael','Hadley','michael','$2y$10$zdqwM6vqyKnfB1PeZSW4euXdv7.xZ9oSjtMaXaAYwuPkUxoAqigmG','test@mailer.com','2019-04-18 18:45:48',1),
	(19,'Ken','Stanley','ken_stanley','$2y$10$Raq0.hGXtJPh6tRJ2lnxNujGisBSCCcH5ae7SijujicTap3Wikqoi','ken@stanleysoft.org','2019-04-18 18:58:44',1),
	(20,'Kathy','Hadley','khadley','$2y$10$xkJkgMg1XZWTsPCRncJcFOpLo6kBL1KdKHf3I8OSCqclEqFhJp9JS','redmustang50@aol.com','2019-04-18 19:13:34',1),
	(21,'Michael','Hadley','admin','$2y$10$pObyZUNyKz9D55mp0RQBvOdDtJIgJbVSdw51th2WcvbJqyvVqqJ.y','mchadley88@gmail.com','2019-03-25 13:32:47',0),
	(22,'michael','hadley','michael1','$2y$10$FEd5weNx7W2CwJFmZ3i57uIJx80p/3Sdnz.dhUgmYlE1slmw0LPki','michaelchadley@students.abtech','2019-04-18 19:44:57',1),
	(23,'Yelena','Gordiyenko','Yelena','$2y$10$luOJi9T/n6IcX.yyN0C9mOMrpZlpfXyOAhR85uEkerns/A9YJSbwG','hello@gmail.com','2019-04-18 20:26:07',1),
	(26,'Michael','hadley','michaeltest','$2y$10$wKU.dVkb0gWwvy.f3WAG4eaGVBwgJ9fQmO7rx32km7VvsR.R58Aom','mchadley@me.com','2019-04-30 13:57:29',1);

